product_a,product_b,correlation,abs_correlation,category_a,category_b,same_category
SNACKPACK_RASPBERRY,SNACKPACK_STRAWBERRY,-0.9231686292032215,0.9231686292032215,Snackpacks,Snackpacks,True
SNACKPACK_CHOCOLATE,SNACKPACK_VANILLA,-0.9151916562765425,0.9151916562765425,Snackpacks,Snackpacks,True
SNACKPACK_PISTACHIO,SNACKPACK_STRAWBERRY,0.9125632337000372,0.9125632337000372,Snackpacks,Snackpacks,True
SNACKPACK_PISTACHIO,SNACKPACK_RASPBERRY,-0.8306591784804822,0.8306591784804822,Snackpacks,Snackpacks,True
PEBBLES_M,PEBBLES_XL,-0.5059318818640386,0.5059318818640386,Pebbles,Pebbles,True
PEBBLES_L,PEBBLES_XL,-0.493156769944807,0.493156769944807,Pebbles,Pebbles,True
PEBBLES_S,PEBBLES_XL,-0.48293566761512197,0.48293566761512197,Pebbles,Pebbles,True
PEBBLES_XL,PEBBLES_XS,-0.4751281898423835,0.4751281898423835,Pebbles,Pebbles,True
SNACKPACK_PISTACHIO,SNACKPACK_VANILLA,0.03997314927939858,0.03997314927939858,Snackpacks,Snackpacks,True
SNACKPACK_CHOCOLATE,SNACKPACK_RASPBERRY,0.030747765977141978,0.030747765977141978,Snackpacks,Snackpacks,True
SNACKPACK_STRAWBERRY,SNACKPACK_VANILLA,0.030698574593780455,0.030698574593780455,Snackpacks,Snackpacks,True
OXYGEN_SHAKE_MINT,SNACKPACK_VANILLA,0.02796272010364292,0.02796272010364292,Oxygen shakes,Snackpacks,False
GALAXY_SOUNDS_PLANETARY_RINGS,SNACKPACK_PISTACHIO,0.025389608682273357,0.025389608682273357,Galaxy sounds,Snackpacks,False
SNACKPACK_CHOCOLATE,SNACKPACK_PISTACHIO,0.024692495641156397,0.024692495641156397,Snackpacks,Snackpacks,True
ROBOT_MOPPING,SNACKPACK_RASPBERRY,0.02429268860468688,0.02429268860468688,Robots,Snackpacks,False
SNACKPACK_PISTACHIO,UV_VISOR_RED,0.023387240364160636,0.023387240364160636,Snackpacks,UV visors,False
SNACKPACK_STRAWBERRY,UV_VISOR_RED,0.023200838647267696,0.023200838647267696,Snackpacks,UV visors,False
SNACKPACK_PISTACHIO,UV_VISOR_MAGENTA,0.023185866979722088,0.023185866979722088,Snackpacks,UV visors,False
SNACKPACK_PISTACHIO,TRANSLATOR_ASTRO_BLACK,0.022424178195918656,0.022424178195918656,Snackpacks,Translators,False
SNACKPACK_PISTACHIO,UV_VISOR_ORANGE,0.021974443209644277,0.021974443209644277,Snackpacks,UV visors,False
OXYGEN_SHAKE_MORNING_BREATH,SNACKPACK_CHOCOLATE,0.02180979483051729,0.02180979483051729,Oxygen shakes,Snackpacks,False
GALAXY_SOUNDS_BLACK_HOLES,OXYGEN_SHAKE_EVENING_BREATH,0.021564044940340546,0.021564044940340546,Galaxy sounds,Oxygen shakes,False
GALAXY_SOUNDS_SOLAR_WINDS,TRANSLATOR_GRAPHITE_MIST,0.021515191885204992,0.021515191885204992,Galaxy sounds,Translators,False
SNACKPACK_CHOCOLATE,UV_VISOR_RED,0.0212242681380637,0.0212242681380637,Snackpacks,UV visors,False
SNACKPACK_PISTACHIO,TRANSLATOR_ECLIPSE_CHARCOAL,0.021141387021936874,0.021141387021936874,Snackpacks,Translators,False
SNACKPACK_STRAWBERRY,UV_VISOR_MAGENTA,0.021060088006310217,0.021060088006310217,Snackpacks,UV visors,False
SNACKPACK_STRAWBERRY,TRANSLATOR_ASTRO_BLACK,0.020909005251041377,0.020909005251041377,Snackpacks,Translators,False
SLEEP_POD_NYLON,SNACKPACK_RASPBERRY,0.020631729388296195,0.020631729388296195,Sleep pods,Snackpacks,False
OXYGEN_SHAKE_GARLIC,SNACKPACK_RASPBERRY,0.020471067880931886,0.020471067880931886,Oxygen shakes,Snackpacks,False
PANEL_1X2,SNACKPACK_PISTACHIO,0.020237108435057157,0.020237108435057157,Panels,Snackpacks,False
GALAXY_SOUNDS_PLANETARY_RINGS,SNACKPACK_STRAWBERRY,0.02019677377428373,0.02019677377428373,Galaxy sounds,Snackpacks,False
OXYGEN_SHAKE_CHOCOLATE,SNACKPACK_PISTACHIO,0.020115674843149755,0.020115674843149755,Oxygen shakes,Snackpacks,False
GALAXY_SOUNDS_SOLAR_WINDS,SNACKPACK_CHOCOLATE,0.019901726034522844,0.019901726034522844,Galaxy sounds,Snackpacks,False
UV_VISOR_ORANGE,UV_VISOR_RED,0.01955601990621495,0.01955601990621495,UV visors,UV visors,True
SLEEP_POD_SUEDE,SNACKPACK_RASPBERRY,0.019363635955297047,0.019363635955297047,Sleep pods,Snackpacks,False
SNACKPACK_PISTACHIO,UV_VISOR_AMBER,0.01912710928237906,0.01912710928237906,Snackpacks,UV visors,False
SNACKPACK_CHOCOLATE,TRANSLATOR_GRAPHITE_MIST,0.018873777762641313,0.018873777762641313,Snackpacks,Translators,False
GALAXY_SOUNDS_SOLAR_WINDS,UV_VISOR_YELLOW,0.01887074411490816,0.01887074411490816,Galaxy sounds,UV visors,False
GALAXY_SOUNDS_BLACK_HOLES,SNACKPACK_CHOCOLATE,0.01884728807288084,0.01884728807288084,Galaxy sounds,Snackpacks,False
PANEL_1X2,SNACKPACK_VANILLA,0.01866354944763501,0.01866354944763501,Panels,Snackpacks,False
SNACKPACK_VANILLA,UV_VISOR_MAGENTA,0.01810322858309954,0.01810322858309954,Snackpacks,UV visors,False
GALAXY_SOUNDS_DARK_MATTER,PANEL_2X4,0.01800945676624311,0.01800945676624311,Galaxy sounds,Panels,False
OXYGEN_SHAKE_GARLIC,SNACKPACK_CHOCOLATE,0.017954459551623694,0.017954459551623694,Oxygen shakes,Snackpacks,False
PEBBLES_XS,TRANSLATOR_VOID_BLUE,-0.017818857289031695,0.017818857289031695,Pebbles,Translators,False
SNACKPACK_STRAWBERRY,UV_VISOR_ORANGE,0.017815901999373815,0.017815901999373815,Snackpacks,UV visors,False
OXYGEN_SHAKE_CHOCOLATE,SNACKPACK_CHOCOLATE,0.017706138062974143,0.017706138062974143,Oxygen shakes,Snackpacks,False
OXYGEN_SHAKE_GARLIC,SLEEP_POD_POLYESTER,0.0176995481300104,0.0176995481300104,Oxygen shakes,Sleep pods,False
SNACKPACK_VANILLA,TRANSLATOR_SPACE_GRAY,0.017612738902456276,0.017612738902456276,Snackpacks,Translators,False
TRANSLATOR_GRAPHITE_MIST,TRANSLATOR_VOID_BLUE,0.017523132750938912,0.017523132750938912,Translators,Translators,True
GALAXY_SOUNDS_DARK_MATTER,UV_VISOR_YELLOW,0.017331170331781536,0.017331170331781536,Galaxy sounds,UV visors,False
