side,K,thr,N,trades,mean,std,sharpe,total
long,10,1,5,1362,0.2198972099853157,2.2502065145247974,0.09772312388476764,299.5
short,10,1,5,1032,0.06831395348837209,2.1872015557829263,0.031233497117684396,70.5
long,10,1,20,594,0.3611111111111111,4.14627163393835,0.08709297002039912,214.5
short,10,1,20,480,-0.011458333333333333,4.144822819686895,-0.002764492918468381,-5.5
long,10,1,50,373,0.5308310991957105,6.811891400831873,0.07792712302060587,198.0
short,10,1,50,319,-0.18495297805642633,6.725958643095818,-0.027498381698533438,-59.0
long,10,3,5,1181,0.2489415749364945,2.268271596323909,0.10974945652003655,294.0
short,10,3,5,862,0.06206496519721578,2.1804950385059114,0.02846370393014726,53.5
long,10,3,20,529,0.5444234404536862,4.178599282578491,0.13028850187271562,288.0
short,10,3,20,411,0.04744525547445255,4.226214338372387,0.011226419598186682,19.5
long,10,3,50,347,0.7737752161383286,6.715179448628459,0.11522777940003569,268.5
short,10,3,50,287,-0.4930313588850174,6.493225111141947,-0.07593011953935373,-141.5
long,10,5,5,840,0.2976190476190476,2.2547820183142715,0.13199459868028515,250.0
short,10,5,5,565,0.08584070796460178,2.161442784965437,0.039714540936106574,48.5
long,10,5,20,392,0.5510204081632653,4.208221906200813,0.1309390095021382,216.0
short,10,5,20,289,0.04498269896193772,4.164820214828727,0.01080063403499802,13.0
long,10,5,50,275,0.6745454545454546,6.696029167467108,0.10073812966984322,185.5
short,10,5,50,217,-0.3433179723502304,6.241001932389681,-0.05501007307310973,-74.5
long,10,10,5,207,0.5362318840579711,2.296266935691404,0.23352332245130664,111.0
short,10,10,5,60,-0.008333333333333333,1.9631854783036222,-0.004244801841408218,-0.5
long,10,10,20,118,1.3644067796610169,4.10800222434315,0.3321338950537805,161.0
short,10,10,20,39,0.24358974358974358,3.9724561201555737,0.06131968138143777,9.5
long,10,10,50,98,0.9693877551020408,6.233065353964198,0.1555234383168082,95.0
short,10,10,50,36,-0.3472222222222222,6.28028158034296,-0.05528768380528656,-12.5
long,10,20,5,4,-0.5,3.6742346141747673,-0.13608276348791729,-2.0
short,10,20,5,3,0.5,1.4719601443879744,0.33968311024314796,1.5
long,10,20,20,2,-2.0,4.0,-0.499999999999875,-4.0
short,10,20,20,2,0.75,0.25,2.9999999999880003,1.5
long,10,20,50,2,7.5,3.5,2.1428571428565304,15.0
short,10,20,50,2,4.25,4.75,0.8947368421050748,8.5
long,50,1,5,3045,0.06272577996715928,2.2448641897054915,0.027941904127109115,191.0
short,50,1,5,2090,0.03684210526315789,2.1465074735301823,0.017163744229853336,77.0
long,50,1,20,865,0.21213872832369943,4.277015131095692,0.04959971424494442,183.5
short,50,1,20,619,0.05088852988691438,4.247425716855763,0.011981028811158019,31.5
long,50,1,50,394,0.4403553299492386,6.544623932038547,0.06728504716572882,173.5
short,50,1,50,301,0.1644518272425249,6.5173190263227685,0.025233048524753197,49.5
long,50,3,5,2700,0.08333333333333333,2.249670757804021,0.03704245745481474,225.0
short,50,3,5,1703,0.04756312389900176,2.1361672323319296,0.022265636874814147,81.0
long,50,3,20,767,0.26597131681877445,4.312778056545249,0.06167053192432747,204.0
short,50,3,20,522,0.044061302681992334,4.1962139910055765,0.010500251602140773,23.0
long,50,3,50,352,0.7258522727272727,6.3323651746759975,0.11462577610494441,255.5
short,50,3,50,259,-0.02702702702702703,6.623291886104368,-0.004080603345252761,-7.0
long,50,5,5,2231,0.05871806364858808,2.227563358919743,0.02635977262484558,131.0
short,50,5,5,1283,0.05300077942322681,2.1290032114115007,0.02489464512740829,68.0
long,50,5,20,647,0.2596599690880989,4.358345247928857,0.05957765030465018,168.0
short,50,5,20,407,0.08230958230958231,4.144648907633728,0.01985924119120498,33.5
long,50,5,50,301,0.5880398671096345,6.602354594468676,0.0890651749607926,177.0
short,50,5,50,208,-0.11538461538461539,6.594625860250631,-0.017496764460904937,-24.0
long,50,10,5,1330,0.05902255639097744,2.274510065285532,0.025949569224501128,78.5
short,50,10,5,519,0.05973025048169557,2.0875114307418707,0.028613136963968482,31.0
long,50,10,20,416,0.22235576923076922,4.30638001962533,0.051634033275601,92.5
short,50,10,20,181,0.30662983425414364,3.945927366998695,0.07770792661277268,55.5
long,50,10,50,210,0.33095238095238094,6.744044571932233,0.049073279012672784,69.5
short,50,10,50,97,0.44329896907216493,6.003811628062349,0.0738362554547968,43.0
long,50,20,5,336,0.35267857142857145,2.3055042763161913,0.15297242128387617,118.5
short,50,20,5,88,0.14204545454545456,2.1597412298125134,0.065769663784082,12.5
long,50,20,20,120,0.7291666666666666,4.934105725007882,0.1477809166047722,87.5
short,50,20,20,33,0.7121212121212122,3.5119499526838514,0.20277088845665425,23.5
long,50,20,50,66,1.303030303030303,7.519106364072345,0.17329589979684887,86.0
short,50,20,50,22,0.20454545454545456,6.393638690329579,0.03199202589517592,4.5
long,100,1,5,3540,0.026836158192090395,2.2338213417180848,0.012013565136519851,95.0
short,100,1,5,2128,0.0007048872180451127,2.172782006090614,0.00032441690702007385,1.5
long,100,1,20,953,0.1316894018887723,4.30228751229751,0.030609158851500565,125.5
short,100,1,20,594,-0.013468013468013467,4.076889835870642,-0.003303501936577101,-8.0
long,100,1,50,421,0.36342042755344417,6.541643810244125,0.055554909147495495,153.0
short,100,1,50,278,-0.29676258992805754,6.645241464649164,-0.04465790919813935,-82.5
long,100,3,5,3260,0.018251533742331287,2.233539931106525,0.008171572618037352,59.5
short,100,3,5,1868,0.010171306209850108,2.1402018587857814,0.004752498540308682,19.0
long,100,3,20,877,0.10547320410490307,4.287354284417648,0.024601000315793802,92.5
short,100,3,20,534,0.0552434456928839,4.056972616791167,0.01361691362279016,29.5
long,100,3,50,386,0.3005181347150259,6.665808646584717,0.045083522592409525,116.0
short,100,3,50,254,-0.2618110236220472,6.574479281475883,-0.03982232088854257,-66.5
long,100,5,5,2957,0.03043625295908015,2.232114176151909,0.013635616530843239,90.0
short,100,5,5,1517,0.06295319709953856,2.119025467494412,0.029708560876309933,95.5
long,100,5,20,802,0.07356608478802992,4.265599156137948,0.017246366124710845,59.0
short,100,5,20,438,0.2408675799086758,4.051843954294576,0.05944641072697759,105.5
long,100,5,50,356,0.375,6.664763012383558,0.0562660666708133,133.5
short,100,5,50,216,-0.041666666666666664,6.6892412928578135,-0.006228907710527419,-9.0
long,100,10,5,2163,0.054322699953767914,2.235123634596169,0.024304114149622136,117.5
short,100,10,5,852,0.17488262910798122,2.1272440479985364,0.08221089125737177,149.0
long,100,10,20,608,0.19407894736842105,4.406110941107391,0.04404767604866504,118.0
short,100,10,20,257,0.4357976653696498,4.291286375973656,0.10155408592852755,112.0
long,100,10,50,283,0.39752650176678445,6.857980898851714,0.05796553061751564,112.5
short,100,10,50,137,0.3905109489051095,6.901738733764861,0.05658153169354055,53.5
long,100,20,5,1009,0.1595639246778989,2.2504949809306645,0.0709017020832645,161.0
short,100,20,5,232,-0.023706896551724137,2.25155081810386,-0.010529141230611144,-5.5
long,100,20,20,292,0.476027397260274,4.276541695805353,0.111311295696491,139.0
short,100,20,20,76,-0.09868421052631579,4.221670080512932,-0.023375633018272782,-7.5
long,100,20,50,138,0.8586956521739131,6.835009284694875,0.12563196572338245,118.5
short,100,20,50,41,-0.2926829268292683,6.293604583667626,-0.04650481658615093,-12.0
